{
    "cvnni": 0.2202034031921781,
    "cvsd": 0.01913024371760555,
    "max_hr": 194.1747572815534,
    "mean_hr": 147.630389708882,
    "mean_nni": 425.45739377950565,
    "median_nni": 396.2410071942446,
    "min_hr": 97.40259740259741,
    "nni_20": 9,
    "nni_50": 3,
    "patient_index": "SN134",
    "pnni_20": 3.474903474903475,
    "pnni_50": 1.1583011583011582,
    "range_nni": 307.0,
    "rmssd": 8.139103634459218,
    "sdnn": 93.68716602352177,
    "sdsd": 8.098218082251842,
    "std_hr": 30.404882385182272
}